 cbo , dit , fanIn , fanOut , lcom , noc , numberOfAttributes , numberOfAttributesInherited , numberOfLinesOfCode , numberOfMethods , numberOfMethodsInherited , numberOfPrivateAttributes , numberOfPrivateMethods , numberOfPublicAttributes , numberOfPublicMethods , rfc , wmc , bugs , 
9,2,1,9,15,0,1,8,122,6,19,0,0,1,5,34,20,0, 
1,1,1,0,0,0,2,0,4,1,8,0,0,2,1,1,1,0, 
114,1,102,18,190,6,131,249,484,20,8,0,1,3,19,156,176,1, 
5,6,1,4,10,0,0,61,33,5,207,0,0,0,4,18,12,0, 
23,2,1,22,820,0,7,416,673,41,8,0,2,7,1,174,115,0, 
2,1,1,1,1,0,12,0,16,2,8,0,0,12,2,4,2,0, 
6,4,2,4,78,0,4,96,87,13,88,2,0,0,3,46,23,0, 
2,1,2,0,1,0,4,0,9,2,8,0,0,4,2,2,2,0, 
11,3,2,9,105,0,9,119,250,15,40,0,0,9,13,50,64,0, 
4,3,3,1,6,1,3,3,9,4,17,0,0,1,3,5,3,0, 
6,2,3,4,105,0,5,95,95,15,68,3,0,0,6,51,25,0, 
8,2,4,4,15,0,6,0,42,6,23,6,0,0,5,14,10,0, 
5,7,1,4,3,0,0,397,42,3,124,0,0,0,3,22,14,0, 
12,3,4,8,78,0,16,143,387,13,40,6,0,10,10,125,93,0, 
1,2,1,0,136,0,15,2,53,17,41,1,0,1,17,18,19,0, 
4,2,3,1,3,0,2,0,14,3,15,0,0,2,2,4,4,0, 
63,3,36,33,351,2,30,391,624,27,42,0,1,26,25,172,148,3, 
1,1,1,1,6,1,1,0,20,4,8,0,0,1,3,5,6,0, 
1,2,1,0,1,2,0,5,0,2,19,0,0,0,2,2,0,0, 
36,2,18,23,190,2,12,3,1126,20,13,2,6,0,14,244,276,1, 
4,1,1,3,45,0,1,0,52,10,17,0,0,1,10,34,17,0, 
6,3,3,3,3,0,2,1,16,3,31,2,0,0,2,8,4,0, 
18,6,3,15,91,3,0,53,127,14,170,0,1,0,10,61,29,1, 
22,4,5,17,136,5,13,384,494,17,77,0,0,13,17,191,166,4, 
2,2,2,0,0,0,0,0,3,1,43,0,0,0,1,2,1,0, 
27,2,7,20,210,4,6,133,795,21,46,4,0,2,3,171,212,3, 
21,7,1,20,55,0,2,448,591,11,115,0,0,2,11,220,156,2, 
9,3,1,8,45,0,7,126,166,10,44,0,0,7,10,40,39,0, 
3,1,0,3,45,0,4,0,144,10,8,0,3,4,7,40,37,0, 
108,3,92,18,528,15,4,380,760,33,38,0,2,4,31,281,234,0, 
5,3,3,3,10,1,1,13,35,5,55,0,0,0,1,12,13,0, 
3,2,1,2,10,0,3,0,72,5,22,3,1,0,3,55,15,0, 
7,6,5,3,15,2,2,385,52,6,95,0,0,2,5,17,12,0, 
5,2,5,0,66,0,16,152,55,12,41,15,1,1,11,14,27,0, 
7,4,1,6,28,0,15,61,214,8,45,0,0,10,5,47,53,1, 
5,6,1,4,3,0,0,394,32,3,102,0,0,0,3,17,11,0, 
5,3,1,5,105,0,5,95,96,15,73,3,0,0,6,51,25,0, 
6,5,1,5,78,0,1,62,56,13,202,0,0,0,8,22,20,0, 
55,3,44,15,105,0,12,274,378,15,103,0,2,12,11,93,110,1, 
31,1,24,7,190,0,24,0,245,20,8,3,3,21,17,72,72,1, 
5,2,2,3,300,0,13,2,258,25,41,8,1,1,24,130,56,0, 
14,4,4,11,703,0,14,50,419,38,185,0,0,0,20,162,94,0, 
11,3,0,11,15,0,11,380,343,6,38,2,0,9,6,106,91,0, 
3,5,1,2,10,0,0,58,34,5,179,0,0,0,4,12,7,0, 
3,6,1,2,21,0,1,384,39,7,79,0,0,0,7,14,11,0, 
1,7,1,0,15,0,1,419,21,6,118,1,0,0,6,10,6,0, 
6,2,3,4,136,0,7,119,197,17,16,1,1,6,7,54,68,0, 
1,4,1,0,0,0,0,7,0,1,28,0,0,0,1,1,0,0, 
5,1,2,3,55,2,7,0,81,11,28,7,0,0,5,29,21,0, 
6,5,4,2,10,1,1,388,45,5,78,0,0,1,5,13,16,0, 
55,4,32,32,1275,1,15,49,1461,51,148,8,2,7,43,446,456,6, 
14,3,1,13,15,0,3,19,167,6,67,0,4,3,1,51,36,0, 
13,1,8,6,45,1,2,0,151,10,8,0,3,2,6,53,53,0, 
1,1,1,0,3,0,1,0,11,3,8,0,0,0,3,3,3,0, 
3,3,1,2,3,0,1,3,27,3,17,0,1,1,1,7,8,0, 
15,3,8,9,595,0,23,97,319,35,84,11,0,0,18,156,81,0, 
2,5,1,2,10,0,2,61,50,5,49,0,1,1,1,10,15,1, 
3,7,1,2,28,0,0,398,25,8,107,0,0,0,8,10,8,0, 
8,3,2,7,28,0,2,52,69,8,27,0,0,1,5,24,25,1, 
5,1,1,4,36,0,3,0,109,9,16,0,2,3,7,30,31,0, 
35,1,32,3,55,16,0,0,85,11,8,0,0,0,0,16,21,0, 
7,6,2,5,10,0,0,385,35,5,95,0,0,0,4,24,11,0, 
16,1,11,5,10,0,3,0,62,5,8,1,0,2,5,18,22,0, 
13,2,1,13,15,0,1,8,207,6,19,0,0,1,5,58,30,0, 
3,1,1,2,36,0,4,0,83,9,8,0,1,4,8,24,25,0, 
7,2,4,3,6,17,4,0,18,4,22,3,0,0,4,10,5,0, 
19,3,0,19,15,0,21,380,451,6,38,11,0,10,6,172,84,2, 
1,1,1,0,55,1,0,0,43,11,8,0,0,0,0,11,11,0, 
13,2,1,12,1,0,0,270,166,2,48,0,0,0,2,42,29,1, 
8,2,1,7,28,0,7,141,264,8,35,0,0,7,5,85,63,0, 
6,3,1,5,6,0,2,135,107,4,67,0,0,2,2,24,49,0, 
11,4,6,6,15,0,2,49,64,6,148,0,0,2,2,18,18,0, 
17,3,2,15,21,0,2,25,83,7,82,0,0,0,3,49,20,0, 
8,1,3,5,10,1,10,0,140,5,8,0,0,4,4,37,48,1, 
8,5,0,8,21,0,2,412,70,7,94,0,0,2,7,39,18,1, 
1,2,1,0,1,0,3,0,11,2,11,0,0,3,1,2,4,0, 
5,2,1,4,10,0,4,0,27,5,22,4,0,0,4,12,7,0, 
4,3,1,3,66,0,3,95,59,12,73,2,0,0,3,35,16,0, 
1,4,1,0,0,0,5,6,0,1,21,0,0,5,1,1,0,0, 
2,4,1,1,3,0,0,410,12,3,66,0,0,0,3,5,3,0, 
20,2,20,0,10,5,7,380,35,5,27,0,0,7,5,10,10,0, 
11,2,2,9,45,0,8,0,108,10,18,0,0,8,9,51,34,0, 
3,1,2,1,3,0,5,0,25,3,8,0,0,5,1,5,7,0, 
9,3,1,8,10,0,0,22,90,5,78,0,1,0,0,34,30,0, 
11,1,1,10,55,0,1,0,377,11,8,1,7,0,4,89,80,2, 
6,1,6,0,1,5,0,0,0,2,8,0,0,0,2,2,0,0, 
4,2,1,3,10,2,2,141,23,5,35,0,0,2,5,13,6,0, 
4,3,2,2,36,0,1,95,31,9,75,1,0,0,1,19,9,0, 
6,7,2,4,3,2,2,419,30,3,115,0,0,2,3,12,8,0, 
9,3,8,1,28,2,1,380,31,8,38,0,0,1,8,14,11,0, 
5,1,1,5,10,0,11,0,140,5,16,3,1,8,4,28,25,0, 
6,3,1,5,91,0,5,95,86,14,73,3,0,0,4,48,22,0, 
4,2,1,4,21,0,1,68,67,7,33,0,0,0,4,18,25,1, 
20,6,4,18,378,1,1,69,222,28,227,0,0,0,22,126,57,0, 
28,2,1,28,36,0,4,17,423,9,19,0,3,0,3,149,56,0, 
2,2,1,1,1,0,0,219,10,2,55,0,0,0,2,3,3,1, 
4,3,1,3,6,0,5,1,33,4,31,5,0,0,4,9,7,0, 
6,3,1,6,171,0,10,95,136,19,73,6,0,0,9,72,38,0, 
6,4,1,5,3,0,0,393,41,3,61,0,0,0,3,18,14,0, 
6,1,1,5,1,0,1,114,131,2,9,1,0,0,2,38,24,0, 
8,5,1,7,45,0,5,55,210,10,171,0,0,5,10,70,47,0, 
7,3,4,4,10,1,1,37,34,5,72,0,0,0,5,13,6,0, 
38,4,17,23,28,5,4,396,241,8,57,0,0,4,8,105,87,0, 
6,1,3,3,15,0,9,0,116,6,8,1,0,6,6,34,31,0, 
5,3,1,4,91,0,5,95,98,14,73,3,0,0,5,49,24,0, 
2,4,1,1,3,0,1,61,17,3,45,0,0,0,1,7,4,1, 
12,2,1,11,105,0,5,0,163,15,19,1,4,1,3,88,35,0, 
22,3,7,15,630,0,23,8,724,36,37,23,8,0,28,210,246,0, 
10,2,3,7,28,0,1,0,46,8,18,0,0,1,8,25,12,0, 
11,4,1,11,55,1,0,52,63,11,127,0,0,0,6,34,22,0, 
6,2,1,6,105,0,5,95,91,15,68,3,0,0,5,50,23,0, 
8,1,7,1,45,0,4,0,34,10,8,0,0,4,10,12,14,0, 
3,2,1,2,120,0,5,11,123,16,18,0,0,0,16,43,31,1, 
7,1,4,4,15,0,3,0,56,6,8,3,0,0,6,16,19,0, 
13,1,9,4,1,1,6,0,14,2,23,1,0,5,2,11,5,0, 
6,3,1,5,91,0,5,95,106,14,73,3,0,0,5,54,27,0, 
6,1,2,5,78,0,10,0,393,13,8,0,1,9,4,67,102,0, 
4,3,1,3,28,0,7,1,50,8,36,7,0,0,7,23,13,0, 
16,4,3,13,15,0,2,384,195,6,69,0,0,2,6,75,56,0, 
1,3,1,0,1,0,0,384,9,2,31,0,0,0,2,5,2,0, 
3,2,3,0,66,0,1,152,37,12,41,1,1,0,11,14,12,0, 
5,2,1,5,36,0,1,68,124,9,33,0,0,0,5,30,44,0, 
3,2,3,0,3,6,1,2,6,3,14,0,0,0,3,3,2,0, 
0,7,0,0,1,0,2,388,7,2,87,0,0,0,2,2,2,0, 
1,2,1,1,21,0,2,68,74,7,33,0,0,2,4,17,25,0, 
4,1,2,2,55,0,4,0,118,11,8,0,2,4,9,33,36,0, 
26,2,1,26,190,0,4,68,526,20,33,1,4,1,5,176,175,3, 
2,1,2,0,10,0,4,0,18,5,16,4,0,0,5,5,5,0, 
1,2,1,0,0,0,0,11,3,1,47,0,0,0,1,1,1,0, 
3,3,1,2,66,0,3,95,60,12,73,2,0,0,3,35,16,0, 
15,2,2,13,15,1,4,18,223,6,62,0,0,4,2,104,46,1, 
18,2,7,11,136,4,4,18,165,17,62,0,1,0,2,81,56,0, 
5,1,3,2,3,0,2,0,77,3,8,2,0,0,3,12,12,1, 
7,7,1,6,15,1,0,386,38,6,97,0,0,0,6,17,10,1, 
15,1,10,6,120,1,10,0,383,16,16,2,0,2,13,122,93,0, 
6,2,0,6,21,0,16,0,142,7,11,7,2,9,3,23,39,0, 
62,4,58,5,105,0,4,97,124,15,79,3,0,0,4,47,32,0, 
4,1,2,2,21,0,12,14,233,7,8,0,1,12,6,32,24,0, 
25,1,7,21,465,0,14,0,661,31,0,0,15,13,11,319,196,0, 
7,4,1,7,136,0,5,99,98,17,100,1,0,0,1,57,26,0, 
3,1,1,2,45,0,4,0,64,10,8,0,0,4,10,20,18,0, 
17,1,4,13,66,1,6,48,144,12,11,0,4,1,5,54,38,1, 
6,3,1,5,91,0,5,95,107,14,73,3,0,0,5,53,27,0, 
1,1,1,0,10,2,0,5,12,5,14,0,0,0,5,5,4,0, 
22,1,5,18,55,2,5,0,242,11,8,0,0,0,3,89,51,0, 
23,5,13,11,28,2,1,397,132,8,64,1,0,0,8,56,38,0, 
10,2,1,9,36,0,5,0,186,9,11,5,7,0,2,44,32,0, 
9,2,0,9,66,0,5,2,89,12,41,3,1,2,11,54,26,0, 
2,2,1,2,496,0,2,8,145,32,46,0,0,2,31,68,43,0, 
12,3,2,11,36,0,1,5,155,9,21,1,0,0,9,60,40,0, 
1,4,1,0,3,1,0,37,9,3,85,0,0,0,1,3,3,0, 
1,1,1,0,45,0,3,0,55,10,8,0,1,3,9,27,18,0, 
61,1,44,17,171,0,6,12,513,19,8,2,1,0,18,143,120,1, 
1,2,0,1,1,0,1,1,9,2,18,0,0,1,2,6,4,0, 
20,4,5,15,300,0,7,52,222,25,129,0,3,7,16,78,55,1, 
21,3,7,15,28,4,2,408,198,8,58,0,0,2,8,59,69,2, 
5,8,4,2,15,0,1,82,26,6,319,1,0,0,5,11,7,0, 
1,1,1,0,0,0,2,0,4,1,8,0,0,2,1,1,1,0, 
11,4,3,8,28,0,0,28,62,8,91,0,1,0,2,35,16,0, 
12,2,1,11,21,0,0,5,156,7,19,0,5,0,2,61,31,0, 
9,1,0,9,1225,0,107,114,3449,50,20,2,3,44,41,374,1169,0, 
16,3,12,4,45,0,3,380,97,10,38,0,0,3,10,32,30,0, 
102,1,17,90,1431,0,27,0,1531,54,9,2,4,24,19,572,419,5, 
26,3,10,17,105,2,13,380,364,15,46,0,0,9,14,127,104,1, 
12,3,9,3,66,0,3,95,72,12,76,2,0,0,3,37,19,0, 
11,1,5,7,120,0,28,0,258,16,8,6,3,19,13,65,50,0, 
3,2,2,1,1,0,1,1,9,2,18,0,1,1,1,5,3,0, 
6,1,3,3,3,0,2,0,27,3,8,2,0,0,3,13,7,0, 
3,1,2,2,10,0,2,0,30,5,8,0,1,1,4,10,8,0, 
4,2,1,3,6,0,5,1,17,4,11,0,0,5,4,7,4,0, 
39,1,1,39,666,0,50,23,2557,37,8,6,5,36,20,917,659,2, 
6,6,0,6,36,0,6,415,266,9,117,0,1,4,8,64,47,0, 
5,3,3,2,3,0,3,1,22,3,31,3,0,0,3,6,5,0, 
4,1,1,3,1,0,2,0,12,2,8,2,1,0,1,5,2,0, 
5,2,2,3,3,0,0,8,30,3,19,0,0,0,3,10,9,0, 
43,4,22,23,496,0,2,51,235,32,157,0,2,2,22,118,79,1, 
39,3,32,10,253,3,1,34,251,23,24,0,0,1,23,64,74,3, 
3,4,1,2,6,0,1,35,24,4,47,0,0,1,4,8,6,0, 
2,3,1,1,1,0,0,387,12,2,32,0,0,0,2,7,4,0, 
2,5,1,1,1,0,0,400,10,2,65,0,0,0,2,4,2,0, 
3,2,3,0,6,0,3,28,13,4,16,1,0,2,3,4,4,0, 
8,2,4,4,10,0,1,18,35,5,62,0,0,0,4,15,12,0, 
1,4,1,0,6,0,3,3,13,4,38,3,0,0,4,4,4,1, 
19,7,1,18,78,0,2,426,551,13,124,0,0,2,13,226,140,2, 
18,3,1,17,276,0,8,135,768,24,67,0,4,6,2,169,207,0, 
5,3,3,2,28,0,1,95,29,8,73,1,0,0,1,18,8,0, 
4,2,2,2,3,0,2,0,14,3,15,2,0,0,2,5,5,0, 
12,1,10,2,15,0,2,0,28,6,10,0,0,0,6,12,8,0, 
48,7,10,43,1540,1,5,81,698,56,263,4,0,0,51,367,177,1, 
1,2,1,0,0,0,0,2,3,1,33,0,0,0,1,1,1,0, 
3,3,1,2,3,0,3,1,21,3,31,3,0,0,3,5,5,0, 
0,1,0,0,20706,0,0,0,612,204,212,0,0,0,204,204,204,1, 
8,5,4,4,91,3,0,384,78,14,77,0,0,0,14,29,21,0, 
24,1,6,19,120,3,17,11,407,16,9,0,0,16,9,125,73,1, 
28,1,18,11,351,4,16,125,379,27,8,0,0,5,24,92,108,2, 
4,7,1,3,3,0,2,397,36,3,124,0,0,2,3,20,9,0, 
12,2,1,11,15,0,2,18,120,6,62,0,0,2,1,49,26,0, 
9,4,0,9,6,0,0,384,72,4,41,0,0,0,4,28,16,0, 
7,2,4,4,171,0,15,119,238,19,16,1,1,5,11,62,86,0, 
23,2,4,20,276,1,9,3,305,24,25,0,4,0,17,135,86,0, 
4,3,1,3,6,0,1,388,80,4,33,0,1,1,3,11,27,0, 
2,3,1,1,3,0,3,1,23,3,31,3,0,0,3,5,5,0, 
12,3,4,9,45,1,3,3,110,10,17,0,2,0,2,37,30,0, 
9,2,4,5,66,1,3,0,92,12,13,1,0,0,6,61,29,0, 
6,3,1,5,136,0,9,95,117,17,73,5,0,0,7,61,29,0, 
13,1,0,13,351,0,45,131,2262,27,8,40,24,5,3,368,449,0, 
150,1,135,18,1830,19,102,0,657,61,8,7,1,2,26,209,206,0, 
2,1,1,1,45,1,11,0,48,10,8,0,0,0,0,11,12,1, 
11,3,0,11,15,0,6,380,192,6,38,0,0,6,6,69,45,0, 
7,3,1,6,105,0,3,95,220,15,73,2,0,0,5,85,57,1, 
4,1,3,1,10,0,4,0,47,5,8,0,0,4,5,11,17,0, 
13,1,12,1,6,0,0,0,40,4,8,0,0,0,4,8,4,0, 
39,1,4,36,190,0,5,0,712,20,8,4,2,1,15,211,148,1, 
3,1,1,2,1,0,0,0,23,2,8,0,1,0,1,16,7,0, 
6,2,3,4,45,1,4,58,121,10,24,4,0,0,1,51,50,0, 
2,2,1,1,1,0,3,28,24,2,25,0,0,3,2,4,2,0, 
2,1,1,1,10,0,3,0,27,5,8,3,0,0,5,8,8,0, 
32,6,10,22,210,5,5,414,787,21,94,0,0,3,21,277,253,6, 
38,3,27,16,595,6,0,35,327,35,83,0,0,0,19,177,92,0, 
8,3,8,0,1,0,2,37,8,2,72,1,0,1,2,2,4,0, 
2,6,2,1,3,0,2,68,13,3,210,2,0,0,3,5,3,0, 
4,2,1,3,36,0,3,3,48,9,27,2,0,0,0,25,12,0, 
4,1,1,3,15,0,3,0,88,6,8,3,0,0,6,17,32,0, 
16,1,9,7,276,1,7,0,276,24,16,0,0,0,16,79,49,0, 
2,6,2,0,0,0,2,67,7,1,58,0,0,0,1,2,1,1, 
25,1,23,2,55,0,4,0,127,11,16,0,1,4,10,31,45,0, 
23,4,18,5,21,0,2,49,48,7,148,1,0,1,7,23,13,0, 
24,5,11,13,45,4,1,52,178,10,161,0,1,0,5,82,34,0, 
2,4,2,0,1,0,1,6,4,2,25,0,0,1,1,2,1,0, 
41,1,9,33,210,0,19,0,426,21,8,15,5,0,15,170,89,1, 
1,6,1,0,10,1,1,11,12,5,47,0,0,0,4,5,4,0, 
17,1,15,2,15,2,2,0,47,6,8,0,0,1,5,13,13,0, 
6,2,4,2,28,0,2,5,59,8,13,2,0,0,8,26,15,0, 
10,6,1,9,15,0,2,415,230,6,117,0,0,2,6,87,56,0, 
7,2,1,6,1,0,0,52,35,2,25,0,0,0,2,14,6,1, 
2,3,1,1,66,0,3,95,59,12,73,2,0,0,3,33,16,0, 
11,2,5,6,45,0,4,1,68,10,12,0,0,4,8,38,15,0, 
2,1,2,0,3,0,5,0,10,3,16,2,0,0,3,3,3,0, 
13,3,1,12,300,0,3,170,495,25,67,1,2,2,4,130,129,5, 
8,1,6,2,21,3,2,0,44,7,8,2,0,0,6,20,14,0, 
87,2,72,21,276,2,12,262,546,24,80,0,1,9,19,157,169,1, 
84,1,68,30,703,0,27,140,1069,38,8,11,3,10,27,312,321,3, 
17,2,10,7,120,6,3,95,74,16,68,1,0,2,7,38,19,0, 
4,3,1,3,120,0,7,95,141,16,73,4,0,0,7,65,35,0, 
25,3,17,11,45,2,9,34,177,10,24,0,1,6,9,41,49,0, 
51,1,36,17,1431,14,18,0,528,54,8,0,0,1,16,244,141,0, 
31,3,2,29,171,1,3,34,516,19,78,0,12,0,1,278,125,1, 
7,3,4,3,190,0,7,95,127,20,82,4,0,0,7,63,33,0, 
4,3,3,2,21,0,1,7,46,7,22,0,0,1,4,15,12,0, 
16,3,2,14,36,0,2,22,102,9,78,0,2,0,1,61,26,0, 
8,5,1,7,6,0,0,397,65,4,94,0,1,0,3,25,24,0, 
14,2,11,6,136,1,6,153,136,17,16,0,3,6,7,54,45,4, 
14,1,0,14,6,0,6,0,121,4,9,5,2,1,2,59,32,0, 
6,2,4,2,105,0,24,95,70,15,68,3,0,0,5,40,19,0, 
23,2,15,9,666,0,16,95,344,37,68,12,0,1,21,120,100,0, 
5,3,1,4,66,0,3,95,72,12,73,2,0,0,3,39,19,0, 
13,2,2,12,91,0,11,1,112,14,12,3,2,6,9,50,36,0, 
24,3,19,7,276,0,6,40,190,24,71,0,0,5,24,70,61,0, 
4,1,3,1,45,0,276,0,177,10,8,1,0,0,10,26,41,2, 
10,4,1,9,15,0,2,384,66,6,69,0,1,2,5,32,20,0, 
15,4,2,14,741,0,4,50,328,39,176,0,0,0,13,195,85,0, 
8,1,6,2,45,0,4,0,117,10,16,0,1,4,9,24,30,0, 
0,1,0,0,1,1,5,0,0,2,8,0,0,0,2,2,0,0, 
78,3,2,76,21115,0,94,427,4390,206,96,1,27,23,28,1156,1148,1, 
4,3,1,4,28,0,0,69,65,8,37,0,1,0,2,21,27,1, 
7,3,5,2,78,0,13,95,59,13,76,3,0,0,4,31,16,0, 
5,2,4,1,66,0,1,152,39,12,41,1,1,0,11,14,13,0, 
3,1,1,2,6,0,2,14,17,4,11,0,0,2,4,9,5,0, 
21,2,11,11,1378,4,24,7,482,53,35,0,1,0,21,194,125,0, 
9,2,4,6,66,2,2,0,57,12,5,0,0,0,10,30,20,0, 
0,7,0,0,1,0,2,386,7,2,86,0,0,0,2,2,2,0, 
9,2,1,9,21,0,0,19,255,7,15,0,1,0,0,77,39,0, 
4,3,1,4,105,0,5,95,109,15,73,3,0,0,6,55,28,0, 
1,3,1,0,1,0,1,23,7,2,28,1,0,0,2,3,2,0, 
2,2,1,1,36,0,3,0,42,9,11,1,3,2,5,21,11,0, 
13,4,7,6,55,1,2,52,57,11,127,0,0,0,9,31,16,0, 
6,2,2,4,91,0,14,13,131,14,31,14,0,0,13,37,29,0, 
1,1,1,0,0,0,5,0,3,1,23,1,0,4,1,1,1,0, 
12,3,8,4,15,2,2,95,22,6,73,0,0,1,4,13,6,0, 
6,1,5,1,66,0,1,17,136,12,0,1,0,0,5,66,51,0, 
7,5,1,6,55,0,1,384,91,11,87,0,0,1,7,38,25,0, 
4,1,1,3,28,0,3,0,94,8,16,0,1,3,7,18,24,0, 
14,1,12,2,3,0,18,0,80,3,8,18,0,0,3,11,24,0, 
14,3,1,13,153,0,0,8,104,18,46,0,0,0,15,65,21,0, 
3,2,1,2,28,0,7,0,51,8,25,7,0,0,7,13,12,0, 
5,1,5,0,28,3,6,78,27,8,8,0,0,0,4,12,7,0, 
14,2,1,13,2080,1,4,402,681,65,8,1,0,3,2,237,223,0, 
6,3,3,3,66,0,3,95,71,12,73,2,0,0,3,37,19,0, 
3,1,3,0,45,0,0,0,0,10,8,0,0,0,10,10,0,0, 
1,3,1,0,1,0,1,37,7,2,72,0,0,1,2,2,2,1, 
4,3,1,3,91,0,5,95,109,14,73,3,0,0,5,51,27,0, 
1,6,0,1,3,0,2,386,13,3,85,0,0,2,3,7,3,0, 
9,2,0,9,21,0,1,33,103,7,82,0,1,0,2,36,30,0, 
47,4,27,27,903,2,3,59,554,43,160,0,1,0,27,273,134,1, 
3,1,0,3,3,0,1,0,19,3,8,0,2,0,1,8,6,0, 
33,4,19,16,45,3,5,384,357,10,69,1,1,3,9,94,118,1, 
7,6,2,5,15,1,4,394,87,6,107,0,0,4,5,34,25,1, 
6,7,1,5,3,0,0,419,40,3,115,0,0,0,3,23,15,0, 
22,1,6,16,903,0,12,0,474,43,8,5,13,4,30,273,133,0, 
6,3,1,5,21,0,0,380,32,7,38,0,0,0,7,17,9,0, 
50,1,18,37,1891,1,22,249,6113,62,8,1,22,17,39,1095,1042,6, 
18,1,2,17,55,0,8,0,469,11,8,0,5,8,6,159,108,1, 
6,5,1,5,36,3,2,384,72,9,76,0,0,2,9,29,19,0, 
36,1,30,7,861,0,54,0,841,42,8,12,16,0,26,294,225,1, 
4,4,1,4,10,0,1,14,26,5,59,1,0,0,1,12,13,0, 
5,2,2,3,136,0,9,219,191,17,55,7,1,1,16,30,53,0, 
6,2,6,1,28,6,0,95,24,8,68,0,0,0,7,10,8,0, 
0,1,0,0,91,0,0,0,42,14,22,0,0,0,14,14,14,0, 
6,1,6,0,0,0,1,0,3,1,22,1,0,0,1,1,1,0, 
5,1,1,4,6,0,2,0,51,4,8,2,1,0,3,15,15,0, 
47,1,38,9,1225,4,107,114,3449,50,8,2,3,44,41,374,1169,1, 
12,5,5,7,36,0,4,400,81,9,65,0,0,4,9,32,23,0, 
11,3,5,7,171,0,10,95,155,19,73,6,0,0,7,75,40,0, 
2,5,2,0,0,0,2,83,7,1,57,0,0,0,1,2,1,1, 
141,1,137,4,561,0,3,0,845,34,8,0,0,0,34,91,262,0, 
6,2,1,5,21,0,1,10,136,7,15,1,0,0,1,32,39,0, 
16,2,1,15,171,0,10,52,707,19,25,10,16,0,3,221,191,0, 
40,2,22,21,253,0,23,391,536,23,31,5,2,18,21,128,174,2, 
2,6,1,1,10,0,0,415,28,5,93,0,0,0,5,12,8,0, 
4,3,1,3,15,0,1,9,20,6,42,1,0,0,5,11,6,0, 
5,2,1,5,10,0,1,68,69,5,33,0,0,0,4,30,35,1, 
51,1,50,3,703,2,8,0,66,38,8,0,0,1,38,60,20,0, 
15,3,12,3,55,0,3,95,47,11,73,2,0,0,2,29,13,0, 
6,2,3,4,136,0,8,95,121,17,68,5,0,0,7,60,31,0, 
12,1,1,11,10,0,3,0,145,5,8,0,2,3,3,62,43,1, 
8,6,2,6,28,0,5,385,71,8,95,0,1,2,7,34,20,0, 
9,3,5,4,91,0,3,95,87,14,76,2,0,0,5,45,23,0, 
1,4,1,0,3,0,2,3,11,3,38,2,0,0,3,3,3,1, 
10,2,9,1,28,1,2,2,16,8,11,2,0,0,7,10,5,1, 
12,1,1,11,15,0,2,0,63,6,8,0,0,0,6,25,15,0, 
13,1,0,13,23005,0,17,0,1585,215,212,17,10,0,205,1156,265,2, 
5,3,1,4,66,0,3,95,72,12,73,2,0,0,3,39,19,0, 
3,3,3,0,1,4,1,2,6,2,36,0,0,1,2,2,2,1, 
5,6,1,4,3,0,1,389,32,3,83,0,0,1,3,13,8,0, 
6,2,1,5,36,0,2,0,75,9,11,2,5,0,4,30,24,0, 
1,2,0,1,3,0,2,0,10,3,13,0,1,1,2,5,4,0, 
3,2,3,0,66,0,1,152,37,12,41,1,1,0,11,14,12,0, 
1,4,1,0,0,3,1,7,0,1,25,0,0,0,1,1,0,0, 
4,3,1,3,6,0,3,1,31,4,32,3,0,0,3,10,7,0, 
9,3,3,6,136,0,7,97,125,17,84,3,0,0,3,63,35,0, 
3,5,2,1,3,0,1,52,10,3,138,1,0,0,2,5,3,0, 
1,4,1,0,3,1,0,34,9,3,84,0,0,0,1,3,3,0, 
4,2,1,3,21,3,1,4,23,7,33,0,0,1,7,11,8,0, 
6,4,1,5,3,0,1,410,31,3,66,0,0,1,3,16,9,0, 
8,3,2,7,276,0,14,95,208,24,73,8,0,0,12,104,54,0, 
1,1,1,0,0,0,2,0,3,1,23,1,0,0,1,1,1,0, 
5,1,4,1,6,0,2,0,17,4,8,0,0,2,4,8,4,0, 
43,4,36,10,153,3,0,384,144,18,69,0,0,0,14,72,48,0, 
3,1,3,0,3,0,7,0,9,3,8,0,0,7,3,4,4,0, 
3,2,1,2,3,0,3,219,31,3,55,0,0,3,3,7,10,0, 
13,2,7,7,136,0,8,95,130,17,68,4,0,1,7,66,36,0, 
13,3,2,11,21,0,2,380,96,7,38,0,0,2,7,46,34,0, 
2,1,2,0,3,18,0,0,9,3,8,0,0,0,3,3,3,0, 
7,4,6,2,21,3,0,384,25,7,69,0,0,0,7,13,5,0, 
8,4,8,0,1,0,2,35,9,2,47,1,0,1,2,2,2,0, 
27,1,15,24,300,11,29,39,580,25,8,0,0,1,9,157,209,1, 
12,1,2,10,36,2,13,0,230,9,9,0,1,12,6,45,59,1, 
0,1,0,0,45,0,1,0,27,10,15,0,0,0,9,10,9,0, 
55,1,2,53,2080,0,12,0,1947,65,8,1,5,3,10,680,470,1, 
22,5,2,20,36,2,2,392,414,9,93,0,0,2,9,153,117,1, 
2,4,1,1,1,2,6,61,34,2,45,0,0,0,1,3,12,0, 
14,3,3,11,91,0,11,5,289,14,21,9,7,0,6,111,79,1, 
24,1,21,3,45,0,3,0,103,10,16,0,1,3,9,27,36,0, 
10,3,4,6,210,4,5,38,146,21,118,0,0,0,4,61,33,0, 
13,4,2,11,780,0,13,50,404,40,189,0,0,0,23,162,104,0, 
4,5,1,3,6,0,0,397,24,4,64,0,0,0,4,16,5,0, 
24,2,8,17,55,3,8,380,708,11,27,0,5,8,5,172,269,3, 
22,2,1,22,1653,0,16,6,952,58,67,12,1,1,57,361,271,1, 
2,1,2,0,10,1,0,0,12,5,8,0,0,0,5,5,4,0, 
4,3,1,3,66,0,3,95,59,12,73,2,0,0,3,35,16,0, 
1,2,1,0,0,0,1,10,4,1,13,0,0,1,0,1,1,1, 
38,1,33,5,15,0,2,0,52,6,0,1,0,1,6,30,12,0, 
4,1,3,1,15,0,3,0,56,6,8,0,1,3,5,13,19,0, 
1,2,1,0,0,0,0,2,3,1,33,0,0,0,1,1,1,0, 
8,2,1,8,6,0,1,18,83,4,62,0,0,0,2,48,21,0, 
12,2,1,11,253,0,23,8,285,23,40,23,1,0,22,66,64,0, 
9,5,1,8,55,0,2,384,158,11,77,0,0,2,11,70,37,0, 
7,2,2,5,6,0,1,0,44,4,39,1,1,0,1,25,13,0, 
32,7,3,31,465,1,4,69,529,31,240,0,4,0,22,241,118,1, 
1,3,1,0,10,0,1,405,28,5,73,0,0,1,0,13,10,0, 
8,2,3,6,136,0,7,95,109,17,68,4,0,0,7,60,28,0, 
0,1,0,0,15,3,0,0,18,6,8,0,0,0,6,6,6,0, 
6,5,2,4,6,0,0,37,28,4,88,0,0,0,1,12,9,0, 
4,1,1,4,15,0,1,0,52,6,8,1,1,0,5,19,19,0, 
10,1,6,5,10,2,0,0,17,5,8,0,0,0,5,13,4,0, 
5,1,1,5,36,0,2,0,44,9,8,2,0,0,9,26,14,0, 
4,1,3,1,45,1,2,0,69,10,8,0,0,0,10,21,13,0, 
10,4,6,5,55,2,3,52,56,11,128,0,0,0,9,30,16,1, 
5,2,2,3,36,2,8,0,82,9,15,0,0,0,6,22,22,0, 
7,1,3,5,21,2,5,0,104,7,8,0,0,5,0,25,7,0, 
13,3,1,12,91,0,3,58,231,14,34,3,5,0,1,110,51,0, 
16,2,1,16,231,0,8,6,232,22,30,8,1,0,20,90,71,0, 
4,2,2,2,190,0,12,563,164,20,24,11,0,0,20,31,58,0, 
0,1,0,0,0,0,9,0,3,1,22,1,0,0,1,1,1,0, 
24,2,2,23,210,0,9,19,706,21,37,0,0,1,2,322,215,1, 
2,3,1,1,3,0,0,384,17,3,31,0,0,0,3,8,4,0, 
29,3,19,13,351,7,1,35,171,27,76,0,0,1,21,83,50,0, 
3,8,1,2,3,0,0,386,16,3,103,0,0,0,3,10,5,0, 
6,2,1,5,78,0,3,0,77,13,5,1,0,0,12,32,24,0, 
6,3,0,6,231,0,8,5,154,22,27,8,0,0,22,61,44,0, 
4,5,1,3,3,0,2,400,20,3,65,1,0,1,3,13,5,0, 
4,2,4,0,66,0,1,152,36,12,41,0,1,1,11,14,12,0, 
4,1,1,3,15,0,3,0,88,6,8,3,0,0,6,17,32,0, 
21,2,5,16,15,0,13,3,209,6,12,5,5,0,1,57,51,0, 
29,1,1,29,136,0,2,39,462,17,8,2,8,0,3,215,162,1, 
10,4,1,9,3,0,2,11,27,3,64,2,0,0,2,19,7,0, 
16,2,1,15,15,0,2,3,216,6,12,2,3,0,3,57,52,0, 
4,1,1,3,28,0,4,0,50,8,8,0,0,4,8,17,16,0, 
16,2,1,15,105,0,7,6,155,15,23,7,1,0,13,61,43,0, 
6,2,1,6,66,1,5,55,276,12,27,2,2,0,0,126,84,0, 
4,1,0,4,0,0,0,0,73,1,0,0,0,0,1,25,3,0, 
4,1,2,2,45,0,13,0,156,10,8,2,0,2,10,33,43,0, 
12,6,1,11,15,1,2,384,76,6,91,0,0,2,6,27,17,0, 
2,8,1,1,10,0,3,429,17,5,120,0,0,3,5,8,6,0, 
14,2,1,14,465,0,14,6,290,31,39,14,1,0,29,85,86,0, 
33,3,6,29,105,0,2,408,437,15,58,0,1,2,14,145,118,3, 
14,2,2,12,10,0,2,18,87,5,62,0,0,0,2,58,19,0, 
7,1,0,7,15,0,13,15,128,6,8,0,2,0,4,31,24,1, 
4,2,1,3,6,2,1,68,36,4,33,0,0,0,3,13,15,1, 
8,2,1,7,66,0,4,18,136,12,18,4,0,0,9,63,41,0, 
7,1,1,7,21,0,5,0,99,7,8,0,0,5,0,36,35,0, 
21,3,2,19,21,0,16,380,334,7,38,0,0,13,7,99,79,1, 
2,1,1,1,6,1,3,0,16,4,8,1,1,2,3,10,7,1, 
26,1,26,0,595,1,0,0,105,35,8,0,0,0,2,35,35,0, 
4,1,1,3,105,0,16,0,325,15,8,2,3,6,12,52,89,0, 
1,3,1,0,0,0,3,4,0,1,19,0,0,3,1,1,0,0, 
1,1,1,0,10,0,34,0,29,5,22,5,0,0,5,11,7,0, 
9,2,3,6,78,1,5,0,101,13,18,0,0,5,9,42,32,0, 
4,4,1,3,10,0,1,14,35,5,60,1,0,0,1,14,17,0, 
5,3,2,3,6,0,4,5,33,4,31,0,0,4,2,11,16,0, 
128,2,126,11,1596,3,12,28,773,57,16,0,2,2,54,197,273,3, 
4,3,1,3,6,0,1,143,23,4,40,0,0,1,3,10,7,0, 
18,3,1,17,21,0,4,380,163,7,38,1,0,3,7,63,32,2, 
2,5,0,2,36,1,9,61,54,9,49,3,0,1,5,20,16,1, 
2,1,2,0,0,0,0,0,0,1,8,0,0,0,1,1,0,0, 
2,3,1,1,1,0,0,387,11,2,32,0,0,0,2,7,4,0, 
7,1,2,5,78,0,1,0,82,13,8,1,0,0,13,46,18,0, 
6,4,2,4,6,0,0,384,29,4,48,0,0,0,4,16,10,0, 
13,5,1,12,10,0,2,421,184,5,93,0,0,2,5,73,49,1, 
7,1,5,2,15,1,3,0,39,6,8,0,0,2,6,19,12,0, 
9,3,2,8,406,0,4,8,368,29,41,0,0,1,23,114,85,0, 
13,4,1,12,3,0,7,61,61,3,45,0,0,0,2,32,13,0, 
4,2,1,3,28,0,7,0,49,8,26,7,0,0,8,21,14,0, 
3,2,1,2,3,0,1,0,62,3,13,1,1,0,1,14,8,0, 
2,5,1,1,1,0,1,400,14,2,65,0,0,1,2,4,3,0, 
5,4,1,4,3,0,0,393,34,3,61,0,0,0,3,16,11,0, 
23,1,5,18,10,0,4,0,200,5,8,4,3,0,2,85,50,0, 
2,1,1,1,3,0,2,0,24,3,10,2,0,0,3,11,7,0, 
7,1,3,4,45,0,3,0,103,10,16,0,1,3,9,27,36,0, 
34,2,4,32,2080,0,12,0,907,65,13,9,37,2,6,547,218,2, 
17,3,2,15,55,2,4,380,217,11,38,0,1,4,10,81,74,1, 
2,2,2,0,0,0,0,2,3,1,33,0,0,0,1,1,1,0, 
3,3,1,2,3,0,3,1,21,3,31,3,0,0,3,5,5,0, 
19,1,3,16,36,0,6,12,271,9,11,0,4,6,4,116,79,0, 
10,3,6,4,91,0,6,95,88,14,76,3,0,1,4,47,22,0, 
5,2,2,3,1,0,3,0,50,2,39,3,0,0,1,18,12,0, 
6,2,3,3,15,0,1,0,23,6,13,0,1,1,5,11,10,0, 
29,1,6,25,171,0,13,12,691,19,8,1,5,3,7,244,181,0, 
8,8,3,5,21,0,3,507,115,7,120,1,0,1,7,24,34,1, 
17,1,14,3,45,0,4,0,122,10,16,0,1,4,9,26,33,0, 
16,7,3,13,36,2,1,387,296,9,101,0,1,1,7,115,91,1, 
19,1,4,16,190,0,17,26,332,20,8,0,1,16,17,76,43,0, 
9,4,0,9,6,0,0,384,75,4,41,0,0,0,4,29,17,0, 
8,3,1,7,15,0,2,380,44,6,38,0,0,2,6,28,13,0, 
42,6,6,39,1128,1,0,69,480,48,250,0,0,0,45,258,121,0, 
3,2,1,2,28,0,8,0,127,8,25,8,0,0,7,24,20,0, 
7,1,0,7,6,0,2,0,50,4,0,2,1,0,3,28,14,0, 
46,1,21,27,946,0,43,5,1340,44,21,8,10,8,28,567,396,4, 
6,3,1,5,36,0,0,38,50,9,116,0,0,0,5,28,12,0, 
1,5,0,1,36,0,4,61,40,9,49,0,0,0,5,14,12,1, 
21,3,3,20,45,0,3,3,251,10,17,1,3,1,1,82,55,1, 
1,7,1,0,1,0,3,12,3,2,52,0,0,3,2,2,1,0, 
2,6,1,1,6,0,0,386,29,4,85,0,0,0,4,11,4,0, 
4,1,3,1,28,0,2,0,28,8,8,2,0,0,8,16,9,0, 
1,6,1,0,10,0,1,11,13,5,47,1,0,0,4,5,4,0, 
8,6,4,5,15,2,1,386,62,6,95,0,0,1,5,21,12,0, 
25,2,1,24,1711,0,11,402,1200,59,8,8,2,3,15,308,138,0, 
2,1,2,0,3,0,2,0,15,3,23,1,0,0,3,7,4,0, 
2,7,1,1,28,0,1,396,55,8,102,0,0,1,8,26,18,0, 
5,4,4,1,300,4,1,411,1520,25,69,0,0,1,25,63,73,0, 
1,1,0,1,1,0,1,0,6,2,9,0,0,1,2,3,2,0, 
5,5,5,0,1,0,1,55,7,2,139,1,0,0,2,3,2,0, 
6,3,1,6,120,0,7,95,110,16,73,4,0,0,6,59,27,0, 
40,2,3,38,630,1,15,0,525,36,36,0,2,0,16,252,99,1, 
9,6,2,7,10,2,3,385,66,5,95,0,0,3,2,29,17,0, 
15,2,2,14,78,0,3,19,269,13,37,0,1,3,2,89,66,1, 
13,1,6,7,861,2,58,78,1399,42,8,3,4,4,1,329,426,7, 
3,8,3,1,10,0,1,69,23,5,243,1,0,0,4,8,6,0, 
23,1,19,6,78,0,7,0,134,13,8,0,0,3,13,52,53,1, 
17,1,11,9,66,0,5,0,192,12,8,5,3,0,9,86,51,3, 
2,3,1,1,66,0,3,95,52,12,73,2,0,0,3,28,14,0, 
18,2,3,15,561,1,2,5,629,34,10,2,30,0,3,263,159,1, 
7,2,2,6,6,0,7,0,28,4,13,5,0,2,3,14,10,0, 
29,2,26,3,28,2,6,28,35,8,16,0,0,5,8,15,11,0, 
15,1,2,13,15,0,1,0,152,6,8,0,1,1,5,67,19,0, 
12,1,10,2,28,0,1,0,52,8,8,1,0,0,8,21,15,0, 
94,4,52,50,4753,1,9,63,1607,98,177,2,11,0,76,664,344,4, 
13,2,5,9,36,1,9,141,139,9,35,0,0,8,9,47,36,2, 
22,2,1,22,91,0,3,68,343,14,33,1,0,0,3,107,117,2, 
15,2,4,11,91,0,6,45,286,14,4,0,0,0,12,120,89,0, 
5,2,1,4,91,0,5,95,107,14,68,3,0,0,5,53,27,0, 
3,7,1,2,6,0,0,387,14,4,101,0,0,0,2,12,4,0, 
12,4,2,10,28,0,1,28,64,8,91,0,1,0,2,38,17,0, 
6,1,1,5,231,1,11,0,275,22,25,0,0,0,18,83,62,0, 
5,2,1,5,21,0,1,68,57,7,33,0,0,0,4,16,27,1, 
4,1,2,2,1,2,6,12,15,2,16,0,0,4,0,7,4,0, 
3,1,0,3,10,0,3,14,26,5,11,0,0,3,5,8,13,0, 
4,3,1,4,78,0,6,95,76,13,73,4,0,0,4,39,23,0, 
12,1,6,7,351,1,12,19,269,27,0,8,3,0,2,106,54,0, 
3,1,1,2,45,0,4,0,117,10,16,0,1,4,9,24,30,0, 
5,2,1,5,3,0,4,8,49,3,19,0,0,4,3,17,15,0, 
49,2,3,46,120,0,22,13,1189,16,19,11,10,11,6,265,229,1, 
8,2,5,3,10,1,4,28,21,5,16,0,0,4,5,12,7,0, 
3,2,1,2,28,0,0,6,56,8,11,0,0,0,8,17,20,0, 
2,2,1,1,3,0,1,68,11,3,33,0,0,0,2,4,3,0, 
10,2,4,7,10,0,3,3,58,5,10,0,0,3,5,28,15,1, 
15,6,1,14,21,0,2,423,336,7,107,0,0,2,7,132,75,0, 
5,1,4,1,21,0,3,0,28,7,8,0,0,3,5,12,7,0, 
1,4,1,0,1,0,0,4,3,2,21,0,0,0,0,2,1,0, 
2,2,0,2,10,0,1,54,23,5,19,0,1,1,4,16,8,1, 
17,1,14,3,300,6,4,0,172,25,8,0,0,3,23,43,54,0, 
4,1,2,3,21,0,1,3,35,7,12,1,2,0,5,17,13,0, 
15,1,7,8,28,3,6,0,126,8,11,5,1,1,7,56,22,0, 
4,4,2,2,6,0,1,3,16,4,38,1,0,0,4,7,6,2, 
12,5,2,10,15,1,3,397,174,6,94,0,1,3,5,74,53,0, 
10,3,9,1,91,0,2,40,163,14,71,1,0,1,13,17,55,0, 
7,3,5,3,105,0,5,95,80,15,76,3,0,0,5,43,21,0, 
3,3,1,2,3,0,3,1,22,3,31,3,0,0,3,6,5,0, 
8,2,0,8,28,0,0,2,52,8,18,0,3,0,5,34,19,0, 
108,1,49,93,7381,0,17,0,804,122,8,10,0,3,96,347,182,0, 
11,2,1,10,153,0,12,0,321,18,11,12,14,0,4,66,86,0, 
2,4,1,1,1,0,2,421,10,2,68,0,0,2,2,3,2,0, 
6,1,1,5,36,0,3,0,118,9,16,0,2,3,7,31,33,0, 
6,6,0,6,21,1,1,385,128,7,79,0,0,0,7,20,47,0, 
4,1,2,2,21,0,4,0,79,7,8,0,1,4,6,17,26,0, 
10,4,1,9,15,1,3,384,72,6,69,0,0,3,6,37,18,0, 
5,3,1,4,78,0,3,95,97,13,73,2,0,0,3,42,20,0, 
11,1,9,2,6,0,5,0,35,4,8,0,0,0,4,10,10,0, 
1,1,1,0,1,0,3,0,8,2,8,0,0,3,2,2,2,0, 
2,1,0,2,3,0,2,0,29,3,0,0,0,2,1,15,8,0, 
5,5,2,3,36,1,7,67,63,9,47,0,0,0,7,30,29,1, 
2,1,1,1,6,0,3,0,41,4,8,0,1,3,3,10,13,0, 
5,5,1,4,15,0,1,70,29,6,264,0,0,0,5,14,8,0, 
15,1,7,8,78,0,1,0,54,13,8,1,0,0,13,37,14,0, 
4,1,0,4,55,0,9,0,117,11,8,8,0,0,11,34,18,0, 
1,4,1,0,0,0,1,35,5,1,47,0,0,1,1,1,1,0, 
7,2,7,0,15,0,3,152,19,6,41,3,1,0,5,7,7,0, 
12,1,8,4,55,0,4,0,144,11,16,0,2,4,9,37,41,0, 
1,4,1,0,0,0,0,7,0,1,25,0,0,0,1,1,0,0, 
4,3,1,4,91,0,5,95,106,14,73,3,0,0,5,51,27,0, 
10,1,1,9,28,0,1,0,157,8,8,0,0,1,1,57,33,0, 
1,1,1,0,946,0,20,0,169,44,28,20,0,0,44,45,44,0, 
24,2,1,23,120,0,4,6,190,16,24,3,1,0,14,100,63,2, 
3,8,3,1,10,0,1,73,23,5,267,1,0,0,4,8,6,0, 
8,1,1,7,6,0,2,0,37,4,8,2,0,0,4,20,9,0, 
10,8,5,8,66,0,4,69,59,12,304,4,0,0,11,31,16,0, 
3,7,1,2,6,0,2,387,13,4,101,0,0,2,2,12,4,0, 
10,4,4,6,28,0,2,396,60,8,57,0,1,2,7,27,23,0, 
5,6,1,4,1,0,0,388,15,2,81,0,0,0,2,9,4,0, 
3,2,1,2,21,0,1,4,26,7,33,0,0,1,7,10,8,0, 
12,1,6,6,105,0,15,0,189,15,8,0,0,4,13,81,66,0, 
3,1,2,1,6,0,0,0,55,4,8,0,1,0,3,21,12,0, 
7,3,4,3,28,0,0,20,312,8,84,0,0,0,8,18,75,0, 
12,4,10,2,28,4,0,384,42,8,69,0,0,0,8,18,13,1, 
20,3,4,16,45,4,3,25,126,10,82,0,1,0,2,83,27,1, 
5,3,3,2,3,0,3,1,22,3,31,3,0,0,3,6,5,0, 
3,1,1,2,45,0,4,0,143,10,8,0,3,4,7,39,37,0, 
19,1,11,8,91,0,3,0,219,14,8,3,2,0,12,109,69,1, 
5,2,5,0,10,0,1,152,27,5,41,1,1,0,4,6,5,0, 
91,1,91,0,28,6,28,0,18,8,8,0,0,0,8,10,6,0, 
6,3,1,5,91,0,5,95,106,14,73,3,0,0,5,53,27,0, 
9,1,4,5,36,1,3,0,99,9,38,3,4,0,5,44,25,0, 
8,1,5,3,28,1,1,0,89,8,12,0,1,0,6,43,22,0, 
6,5,1,5,15,0,2,71,21,6,279,2,0,0,6,14,6,0, 
1,2,1,0,6,0,1,18,28,4,62,0,0,0,1,8,7,0, 
22,5,4,19,210,0,2,62,185,21,202,1,1,0,13,86,47,0, 
75,2,4,71,8515,0,86,295,7341,131,19,25,111,50,9,2390,1680,7, 
26,4,3,23,78,0,28,381,784,13,46,11,1,17,12,256,134,3, 
13,4,2,13,66,0,7,38,412,12,80,2,3,5,9,81,105,0, 
18,3,12,6,91,0,7,95,108,14,75,5,0,0,4,49,26,0, 
5,3,1,4,10,1,1,10,36,5,59,0,0,1,1,12,8,0, 
102,3,96,12,2926,8,11,41,840,77,72,3,1,8,69,290,308,1, 
5,3,1,4,190,0,9,95,158,20,73,5,0,0,9,74,42,0, 
2,6,1,1,28,0,2,405,56,8,100,0,0,2,8,26,18,0, 
3,1,2,1,21,0,4,0,71,7,8,0,1,4,6,11,22,0, 
5,1,4,1,3,0,1,0,12,3,8,0,0,1,3,7,3,0, 
18,2,1,17,780,0,9,0,1248,40,11,5,35,3,5,405,316,2, 
4,2,2,2,6,0,4,0,25,4,21,4,0,0,3,7,6,0, 
11,3,0,11,21,0,5,380,92,7,38,0,0,5,7,34,20,0, 
4,4,1,3,78,0,4,96,67,13,88,2,0,0,2,41,18,0, 
4,3,2,2,36,0,1,95,31,9,75,1,0,0,1,19,9,0, 
2,1,1,1,6,0,3,0,43,4,8,0,1,3,3,11,14,0, 
14,4,1,13,28,0,2,410,128,8,66,0,0,2,8,54,33,0, 
2,2,1,1,3,1,0,2,10,3,33,0,0,0,2,5,3,1, 
4,8,2,3,21,0,4,69,41,7,234,4,0,0,6,17,10,0, 
0,2,0,0,10,2,0,0,15,5,13,0,0,0,3,7,5,0, 
16,1,3,14,210,0,9,0,354,21,8,0,18,9,3,163,112,0, 
11,5,1,11,36,0,1,71,68,9,279,0,0,1,7,41,18,0, 
19,4,4,15,120,3,8,384,337,16,77,0,0,7,16,119,100,1, 
11,1,3,9,78,1,10,0,299,13,8,0,6,10,1,51,78,0, 
2,1,2,0,10,6,1,0,15,5,8,1,0,0,5,5,5,0, 
6,1,2,4,1378,4,5,0,423,53,8,3,20,1,33,241,117,0, 
9,2,7,2,300,0,15,95,96,25,70,2,0,0,16,43,28,0, 
6,1,6,0,10,2,5,0,0,5,8,0,0,0,5,5,0,0, 
13,2,1,12,136,0,12,0,123,17,32,12,2,0,14,53,40,0, 
39,1,3,36,351,2,20,0,639,27,10,1,0,1,2,248,171,2, 
1,6,0,1,28,0,1,384,32,8,79,0,0,0,8,13,9,0, 
5,2,2,3,15,0,1,141,27,6,35,0,0,1,6,14,8,0, 
9,1,7,2,66,0,4,0,78,12,8,0,0,4,12,21,25,0, 
6,2,4,3,66,0,3,95,53,12,68,2,0,0,3,30,14,0, 
20,5,10,11,28,4,2,384,105,8,87,0,0,2,6,55,37,0, 
10,6,1,9,15,0,2,415,226,6,117,0,0,2,6,87,53,0, 
4,3,1,3,3,0,2,1,15,3,31,2,0,0,3,8,4,0, 
2,2,0,2,10,26,0,95,15,5,68,0,0,0,4,13,5,0, 
14,1,6,8,10,0,39,0,80,5,8,3,2,36,3,29,15,0, 
21,3,0,21,28,1,1,34,124,8,78,1,2,0,1,78,38,0, 
13,4,1,12,28,0,7,381,158,8,46,0,0,6,8,70,25,0, 
3,5,1,2,6,0,0,34,28,4,87,0,0,0,1,13,10,0, 
7,3,1,6,66,0,2,38,62,12,119,0,0,0,8,33,16,0, 
22,5,14,9,28,6,1,384,63,8,87,0,0,1,7,30,19,0, 
8,1,3,5,136,1,21,0,127,17,8,1,0,0,1,31,34,1, 
14,5,1,13,28,0,2,412,253,8,94,0,0,2,8,73,58,0, 
5,3,1,4,36,0,13,0,261,9,18,12,4,1,2,56,69,0, 
19,1,18,1,231,0,20,0,95,22,8,0,1,0,21,48,34,0, 
13,3,2,11,21,0,1,25,57,7,82,0,0,0,3,31,14,0, 
5,4,5,0,0,0,1,6,3,1,27,1,0,0,1,1,1,0, 
16,2,11,5,666,0,9,28,485,37,30,0,1,9,24,169,131,0, 
7,3,2,5,91,0,5,95,106,14,73,3,0,0,5,53,27,0, 
5,3,1,4,91,0,5,95,106,14,73,3,0,0,5,51,27,0, 
4,2,4,0,66,0,1,152,38,12,41,1,1,0,11,14,12,0, 
20,6,9,12,105,0,6,61,186,15,207,1,0,4,14,100,49,0, 
33,1,27,6,105,0,218,0,974,15,8,1,0,42,14,287,392,1, 
4,1,1,3,3,0,1,0,36,3,10,0,0,1,3,18,7,0, 
37,1,35,2,91,0,15,0,136,14,8,3,2,0,12,34,52,0, 
6,4,1,5,15,0,4,61,146,6,45,0,0,3,3,34,46,1, 
33,1,3,31,253,0,5,0,781,23,15,0,1,0,15,346,197,0, 
11,3,6,6,153,0,9,97,136,18,84,4,0,0,4,69,37,0, 
4,1,3,1,10,0,7,0,26,5,8,0,0,7,5,11,6,0, 
15,2,4,11,171,1,6,6,152,19,24,3,1,0,14,76,56,0, 
34,1,9,28,2278,1,33,0,1119,68,33,0,19,5,32,493,283,1, 
35,4,19,20,1275,1,10,49,866,51,151,2,0,8,46,296,256,2, 
5,6,1,4,6,0,0,397,26,4,72,0,0,0,4,16,6,0, 
8,4,1,7,1,0,0,421,56,2,68,0,0,0,2,23,13,0, 
8,1,3,5,78,0,11,0,99,13,8,0,0,5,12,34,29,0, 
1,4,1,0,6,0,3,413,31,4,67,0,0,3,1,4,5,0, 
7,1,0,7,1,0,10,0,21,2,0,8,0,2,1,28,3,0, 
4,2,0,4,10,0,2,0,306,5,22,2,2,0,3,222,56,1, 
19,2,8,11,190,3,7,18,142,20,62,0,0,0,5,85,36,0, 
7,2,3,4,91,0,5,5,121,14,13,2,1,0,13,72,35,0, 
4,3,1,3,136,0,7,95,132,17,73,4,0,0,7,62,33,0, 
2,3,1,1,36,0,1,95,31,9,73,1,0,0,1,18,9,0, 
102,2,76,29,1540,2,23,16,505,56,18,4,1,0,35,225,132,1, 
10,1,6,5,171,2,4,2,149,19,8,3,0,0,1,78,33,0, 
5,5,1,4,3,0,0,397,41,3,94,0,0,0,3,24,14,0, 
4,3,2,2,55,0,3,95,45,11,73,2,0,0,2,27,13,0, 
3,5,3,0,1,0,1,54,7,2,138,1,0,0,2,3,2,0, 
1,1,0,1,1,0,6,0,21,2,23,1,0,3,2,8,4,0, 
0,1,0,0,1,0,2,0,6,2,8,0,1,0,1,2,2,0, 
1,1,1,0,6,1,16,547,6,4,20,0,0,0,4,4,2,0, 
48,2,36,18,378,3,17,391,314,28,31,0,1,17,26,111,95,0, 
7,1,6,1,1,0,313,0,6,2,0,1,1,312,1,3,2,1, 
14,4,2,12,36,0,0,28,77,9,91,0,2,0,2,45,22,0, 
2,7,1,1,28,0,2,397,56,8,102,0,0,2,8,26,18,0, 
4,5,1,3,6,0,2,397,25,4,64,1,0,1,4,17,6,0, 
14,1,1,13,465,0,15,0,356,31,8,15,10,0,20,181,107,0, 
12,1,0,12,21,0,9,0,200,7,8,9,5,0,2,88,39,0, 
7,2,2,6,6,0,1,18,38,4,62,0,0,1,2,25,6,0, 
4,2,1,3,3,0,2,2,37,3,15,2,0,0,2,11,10,1, 
0,1,0,0,1,0,0,0,6,2,8,0,1,0,1,3,2,0, 
2,1,1,1,820,0,1,0,145,41,8,1,0,0,41,45,41,0, 
8,4,3,6,55,0,16,61,154,11,45,0,0,10,6,46,58,1, 
26,2,1,25,1770,0,7,6,402,60,67,7,4,0,55,178,124,0, 
25,4,11,14,210,0,3,384,431,21,69,0,2,3,19,139,138,1, 
18,3,2,18,28,0,2,15,149,8,17,0,4,0,0,77,29,1, 
44,1,6,44,1326,0,26,0,2116,52,8,15,41,10,11,794,468,2, 
10,4,3,8,561,0,19,99,303,34,100,8,0,0,13,151,82,0, 
16,1,4,13,120,0,214,201,329,16,8,0,3,6,11,108,63,1, 
10,3,5,6,171,0,10,95,156,19,73,6,0,0,7,73,40,0, 
2,1,1,1,6,0,3,0,28,4,10,2,0,0,3,12,7,0, 
4,1,2,2,3,0,14,0,311,3,8,14,1,0,2,15,45,0, 
17,5,10,7,45,2,5,56,115,10,197,0,0,5,10,22,37,1, 
3,7,3,1,10,1,1,69,23,5,229,1,0,0,4,9,6,0, 
0,1,0,0,231,0,0,0,66,22,30,0,0,0,22,22,22,0, 
31,1,2,29,91,0,18,0,648,14,8,17,11,1,3,138,155,2, 
4,3,2,2,55,3,16,380,57,11,46,0,0,10,11,25,16,0, 
9,3,2,8,210,0,9,97,170,21,84,4,0,0,8,88,43,0, 
14,1,2,12,28,2,4,0,246,8,8,1,4,1,0,53,55,0, 
5,2,2,3,15,0,5,9,37,6,23,5,0,0,6,13,10,0, 
4,1,3,1,45,1,2,0,44,10,8,0,0,0,9,19,13,0, 
5,8,2,4,28,0,4,70,44,8,260,4,0,0,7,19,11,0, 
7,3,2,6,6,1,1,13,95,4,55,0,0,0,2,29,22,0, 
5,4,0,5,6,3,0,61,49,4,45,0,0,0,2,24,17,1, 
2,2,2,0,0,1,2,5,4,1,25,1,0,1,1,1,1,0, 
5,6,1,4,6,0,3,397,27,4,72,1,0,2,4,17,6,0, 
3,1,0,3,91,0,3,0,142,14,8,3,6,0,8,59,38,2, 
8,2,4,4,171,2,3,7,233,19,40,0,0,0,14,60,44,0, 
7,5,5,2,45,2,3,8,34,10,37,0,0,0,7,13,9,0, 
9,2,1,8,78,0,11,0,92,13,30,11,0,0,12,39,25,0, 
4,3,2,2,6,0,5,388,27,4,33,0,0,5,4,8,8,0, 
2,1,1,1,36,0,4,0,94,9,8,0,1,4,8,23,36,0, 
1,4,1,0,0,0,0,3,3,1,38,0,0,0,1,1,1,1, 
13,2,2,12,136,0,13,118,409,17,33,0,0,13,17,74,102,0, 
8,4,3,6,66,1,22,61,180,12,45,0,0,15,6,56,64,1, 
14,1,1,14,210,0,2,0,195,21,21,0,0,0,16,77,29,0, 
8,3,3,5,6,0,4,150,54,4,44,0,0,4,4,14,7,2, 
20,4,4,16,105,1,2,384,221,15,69,0,0,2,13,89,77,0, 
25,4,20,9,253,1,6,49,333,23,148,0,0,6,22,101,117,1, 
1,1,1,0,1,0,4,0,12,2,8,0,0,4,1,2,4,0, 
1,1,1,0,1,1,9,0,3,2,8,0,0,0,2,2,1,0, 
0,5,0,0,3,3,0,384,12,3,76,0,0,0,3,3,3,0, 
3,3,1,2,6,0,1,10,32,4,59,1,0,0,1,16,8,0, 
24,2,8,16,55,0,5,3,316,11,20,2,5,3,3,105,67,0, 
8,1,2,7,190,0,3,0,128,20,8,3,5,0,14,78,41,0, 
3,2,2,1,3,0,0,84,10,3,16,0,0,0,1,5,3,0, 
12,4,2,10,15,0,1,28,59,6,91,0,0,0,2,27,17,0, 
2,1,1,1,120,0,5,0,78,16,8,2,0,0,16,39,20,0, 
2,1,2,0,0,0,2,0,3,1,23,1,0,0,1,1,1,0, 
9,1,1,8,6,0,13,0,153,4,16,1,0,12,4,25,33,2, 
11,1,10,1,300,9,13,0,111,25,8,11,0,0,25,38,34,0, 
7,1,4,3,1,0,0,0,11,2,8,0,0,0,2,9,3,0, 
20,1,2,20,496,0,28,0,1117,32,8,24,23,3,0,294,276,0, 
3,3,1,2,21,0,1,2,32,7,17,1,0,0,7,13,9,0, 
9,4,1,8,78,0,1,398,101,13,56,0,0,1,13,40,25,1, 
3,3,1,2,3,0,3,1,22,3,31,3,0,0,3,6,5,0, 
4,2,4,0,66,0,2,152,40,12,41,2,1,0,11,14,13,0, 
13,3,5,10,231,0,20,119,468,22,40,0,0,20,22,81,139,0, 
3,4,1,2,0,0,2,43,10,1,33,0,0,2,1,5,1,0, 
2,1,2,0,91,3,4,0,79,14,8,4,0,0,14,20,30,0, 
2,2,2,0,0,0,0,2,3,1,33,0,0,0,1,1,1,0, 
6,6,1,5,3,0,0,394,59,3,102,0,0,0,3,24,15,0, 
15,6,1,14,91,0,0,415,799,14,117,0,2,0,12,289,179,0, 
2,2,1,1,15,0,3,1,30,6,12,0,0,0,6,13,9,0, 
11,2,1,11,66,0,1,68,222,12,33,0,0,0,4,71,87,1, 
7,2,0,7,55,0,9,4,158,11,33,0,0,9,11,34,34,0, 
3,1,3,0,6,0,0,0,10,4,8,0,0,0,4,5,1,0, 
2,3,2,0,0,0,3,4,0,1,19,0,0,3,1,1,0,0, 
16,5,1,15,6,0,2,426,311,4,94,0,0,2,4,118,83,2, 
8,4,2,7,171,0,9,99,118,19,100,3,0,0,3,63,30,0, 
1,2,1,0,0,0,0,2,3,1,33,0,0,0,1,1,1,0, 
3,6,2,1,55,0,8,385,63,11,95,1,0,3,10,24,19,0, 
4,3,1,3,105,0,5,95,96,15,73,3,0,0,5,48,25,0, 
4,1,2,3,15,7,3,5,24,6,13,0,0,0,5,13,7,0, 
2,3,1,1,1,0,1,1,7,2,30,1,0,0,2,3,2,0, 
7,3,2,5,120,0,7,95,108,16,73,4,0,0,6,59,27,0, 
8,2,6,2,91,2,0,95,15,14,68,0,0,0,10,19,5,0, 
3,4,1,2,3,0,0,410,22,3,66,0,0,0,3,9,4,0, 
2,5,2,0,3,1,0,388,16,3,78,0,0,0,3,6,5,0, 
4,6,0,4,10,0,2,385,85,5,79,0,0,1,5,16,16,0, 
12,3,1,11,15,0,7,380,232,6,38,2,0,5,6,85,40,0, 
4,1,3,1,55,0,262,0,2140,11,8,0,2,259,9,281,480,2, 
6,1,3,3,1,0,1,0,51,2,8,1,0,0,2,18,11,1, 
0,3,0,0,1,0,1,159,6,2,30,1,0,0,1,2,2,0, 
4,3,1,3,15,1,3,2,51,6,19,1,1,0,5,20,14,0, 
26,2,22,4,10,22,1,95,48,5,68,1,0,0,2,17,10,0, 
35,2,27,8,55,19,0,380,99,11,27,0,0,0,11,38,21,0, 
9,2,5,5,153,0,8,95,121,18,68,5,0,0,8,61,31,0, 
3,6,1,2,3,0,0,394,23,3,107,0,0,0,3,11,9,0, 
4,4,2,3,21,1,1,52,30,7,127,0,0,1,4,15,11,0, 
29,2,2,28,120,0,5,28,282,16,25,1,3,4,7,106,60,0, 
5,1,2,3,55,0,5,0,78,11,8,0,0,4,11,24,23,0, 
2,6,0,2,21,0,1,384,38,7,79,0,0,0,7,14,11,0, 
4,2,3,1,10,3,2,2,15,5,14,0,0,0,2,6,5,0, 
3,5,3,0,10,0,2,8,12,5,33,0,0,0,3,6,4,0, 
13,5,0,13,36,0,9,412,445,9,94,0,0,9,9,142,141,0, 
7,3,0,7,15,0,1,2,38,6,17,1,0,0,6,22,8,0, 
4,6,1,3,3,0,1,394,38,3,107,0,0,1,3,16,14,0, 
4,2,1,3,15,0,5,0,28,6,24,5,0,0,5,11,8,0, 
20,5,2,18,231,4,10,384,547,22,85,0,0,7,22,197,168,6, 
13,2,1,13,10,0,0,18,141,5,62,0,0,0,2,66,31,0, 
7,2,1,7,55,1,8,4,186,11,33,0,0,8,11,36,56,0, 
11,1,5,9,21,0,2,0,128,7,8,1,1,0,6,59,20,0, 
17,5,11,6,276,0,10,9,193,24,42,0,0,0,20,54,56,0, 
13,5,1,12,10,1,5,392,142,5,93,0,0,5,4,65,49,0, 
13,2,6,8,435,2,12,3,392,30,30,2,5,0,18,133,112,0, 
58,1,25,40,2080,0,182,0,1058,65,0,2,11,0,54,413,217,4, 
13,3,1,12,66,0,14,1,1081,12,40,14,0,0,11,352,258,1, 
2,1,1,1,6,0,1,0,17,4,11,0,0,1,3,10,5,0, 
15,1,12,3,45,5,3,0,67,10,8,0,0,3,9,15,14,0, 
4,2,2,2,66,0,3,95,63,12,68,2,0,0,3,32,17,0, 
6,3,1,5,36,0,3,135,123,9,67,0,0,3,2,26,34,0, 
14,7,3,13,91,1,0,69,81,14,229,0,0,0,11,59,23,2, 
9,2,4,5,78,1,4,402,193,13,8,0,1,3,7,34,53,1, 
16,2,1,15,153,0,2,133,638,18,46,2,1,0,2,220,113,1, 
18,2,8,10,6,2,4,380,189,4,27,0,0,4,4,78,60,0, 
47,1,34,13,528,9,1,151,1500,33,8,0,0,0,33,2062,898,0, 
6,3,2,5,171,0,10,95,137,19,73,6,0,0,9,72,38,0, 
4,3,1,3,6,0,5,1,33,4,31,5,0,0,4,9,7,0, 
30,4,6,25,528,1,3,64,356,33,162,0,1,1,25,179,103,0, 
7,6,2,5,6,0,0,386,38,4,95,0,0,0,3,22,10,0, 
5,2,3,2,28,0,2,0,35,8,16,2,0,0,8,16,15,0, 
46,2,15,38,741,0,11,47,644,39,32,6,9,5,28,285,172,3, 
12,5,1,11,78,0,0,67,127,13,194,0,2,0,7,77,27,0, 
2,5,2,0,1,0,1,54,7,2,143,1,0,0,2,3,2,0, 
6,6,0,6,28,1,3,385,110,8,79,0,0,1,8,25,35,0, 
0,1,0,0,0,5,129,282,0,0,8,9,0,43,0,0,0,4, 
20,1,4,16,378,0,17,0,560,28,8,3,6,9,6,246,142,1, 
9,2,0,9,21,0,3,19,144,7,15,0,2,2,0,49,20,0, 
7,3,2,6,153,0,5,95,123,18,73,3,1,0,6,60,31,0, 
10,2,1,9,45,1,5,18,155,10,18,0,0,0,10,77,37,1, 
17,1,1,16,15,0,2,12,140,6,11,0,2,2,4,55,31,0, 
0,1,0,0,0,0,1,0,3,1,22,1,0,0,1,1,1,0, 
19,2,1,18,55,0,10,17,240,11,19,6,3,2,6,109,48,0, 
5,1,1,4,28,1,0,0,23,8,8,0,0,0,8,25,7,0, 
11,2,1,10,6,0,5,12,44,4,31,0,0,0,4,27,12,0, 
6,2,2,4,15,1,5,1,50,6,12,0,0,5,6,18,12,0, 
7,2,1,7,55,0,3,0,48,11,13,2,5,0,4,31,15,0, 
13,2,1,13,351,0,0,4,747,27,44,0,0,0,2,249,291,8, 
2,1,2,0,1,0,13,0,42,2,8,0,0,13,2,2,10,0, 
10,1,3,7,10,1,3,0,64,5,8,0,0,3,0,39,18,1, 
12,2,2,10,153,0,10,9,370,18,10,8,13,2,5,110,75,0, 
5,2,1,5,105,0,5,95,109,15,68,3,0,0,6,56,28,0, 
2,3,1,1,1,0,0,387,12,2,32,0,0,0,2,7,4,0, 
20,1,2,18,28,0,10,0,141,8,8,10,0,0,8,78,33,0, 
17,5,4,13,253,4,3,412,1782,23,94,0,0,3,22,498,418,0, 
6,1,4,2,45,3,0,0,18,10,8,0,0,0,8,13,6,0, 
4,7,3,2,15,1,1,69,26,6,298,1,0,0,5,12,7,0, 
8,2,1,8,6,0,0,18,41,4,62,0,0,0,2,29,8,0, 
6,2,4,2,6,0,3,0,18,4,15,2,0,1,3,6,6,0, 
5,1,2,3,3,0,32,0,155,3,8,0,1,15,2,59,52,0, 
15,4,8,10,351,0,10,49,533,27,148,0,0,10,25,143,150,1, 
8,4,1,7,15,0,3,384,142,6,69,0,0,3,6,44,38,0, 
2,5,0,2,6,0,1,69,13,4,54,1,0,0,2,8,4,1, 
7,3,1,7,120,0,7,95,141,16,73,4,0,0,7,70,35,0, 
1,1,1,0,120,1,12,0,105,16,15,0,0,0,16,40,27,0, 
144,1,131,30,2850,3,13,249,2877,76,8,0,4,2,60,836,972,8, 
1,1,1,0,0,0,0,0,3,1,8,0,0,0,0,3,1,0, 
2,1,1,1,0,0,2,0,4,1,23,1,0,1,1,2,1,0, 
2,3,0,2,1,0,1,6,15,2,18,1,0,0,2,6,4,0, 
7,2,1,6,21,0,0,28,57,7,25,0,0,0,3,17,8,0, 
3,6,0,3,15,0,0,415,39,6,93,0,0,0,6,16,10,0, 
156,2,129,36,81003,1,5,4,6571,403,13,4,16,1,387,2603,1033,8, 
1,6,1,0,21,0,2,385,23,7,98,1,0,1,6,12,7,0, 
34,2,17,25,325,0,2,262,1091,26,80,0,13,2,6,362,310,1, 
3,2,3,0,3,0,1,0,12,3,10,0,0,1,3,8,3,0, 
2,3,0,2,3,3,4,380,39,3,38,0,0,4,3,13,9,0, 
9,3,1,8,21,0,1,388,222,7,33,0,3,1,4,47,74,0, 
27,1,5,23,3160,0,39,35,3184,80,8,19,39,20,32,752,764,9, 
8,3,8,0,15,3,3,4,18,6,19,0,0,0,3,6,6,0, 
3,5,2,1,3,0,1,53,10,3,134,1,0,0,3,5,3,0, 
7,1,4,4,45,1,0,0,30,10,8,0,0,0,9,20,8,0, 
4,3,4,0,0,1,1,6,3,1,26,1,0,0,1,1,1,0, 
16,2,7,9,78,0,10,4,184,13,33,4,0,3,13,36,39,0, 
4,2,1,3,28,0,7,0,38,8,26,7,0,0,8,15,10,0, 
2,1,1,1,36,0,4,0,94,9,8,0,1,4,8,24,36,0, 
20,1,13,7,36,0,8,0,149,9,8,2,0,6,6,54,37,0, 
8,1,1,7,465,0,5,39,235,31,30,0,5,5,26,82,67,0, 
24,6,2,22,435,3,10,387,986,30,94,0,0,10,25,334,331,7, 
3,2,1,2,21,0,10,3,72,7,21,7,0,3,6,32,17,0, 
5,8,1,4,3,0,0,388,43,3,109,0,0,0,3,15,7,0, 
12,5,1,11,3,0,1,67,43,3,47,0,0,1,2,25,11,0, 
86,1,68,25,46665,1,42,0,6017,306,8,0,4,34,290,1603,1542,3, 
6,3,1,5,105,0,3,95,166,15,73,2,0,0,5,76,41,1, 
14,3,1,13,21,0,0,22,231,7,68,0,1,0,1,74,53,0, 
15,2,3,12,666,0,6,42,395,37,310,1,2,5,32,170,92,2, 
6,1,2,5,55,0,36,0,270,11,8,0,0,17,11,32,61,0, 
1,1,1,0,0,0,6,0,3,1,23,1,0,1,1,1,1,0, 
4,2,1,3,6,0,1,11,24,4,22,0,0,1,4,10,9,0, 
12,2,3,9,10,3,1,18,63,5,62,0,0,0,2,23,11,0, 
1,2,1,0,6,0,1,0,26,4,11,0,0,1,3,12,6,0, 
13,1,3,10,10,0,1,0,129,5,8,1,0,0,5,36,43,0, 
4,8,2,2,21,0,6,388,67,7,109,1,0,1,7,25,16,0, 
2,2,1,1,3,0,2,2,12,3,33,2,0,0,3,4,3,0, 
2,1,0,2,6,0,3,0,60,4,8,0,1,0,3,16,22,0, 
2,1,1,1,6,0,3,0,44,4,8,0,1,3,3,10,14,0, 
15,3,2,13,91,0,4,15,128,14,70,4,0,0,1,46,43,0, 
3,3,1,2,3,0,3,1,21,3,31,3,0,0,3,5,5,0, 
6,1,5,1,3,0,6,0,11,3,8,1,0,2,3,5,3,0, 
6,6,1,5,55,0,3,398,75,11,99,0,0,3,11,29,20,0, 
5,3,3,2,6,1,1,3,25,4,17,0,0,0,1,7,5,0, 
2,3,1,1,3,0,1,32,10,3,21,0,0,1,3,6,3,0, 
4,3,1,3,105,0,5,95,97,15,73,3,0,0,5,48,25,0, 
6,1,1,5,136,0,12,114,212,17,8,10,1,0,16,69,45,0, 
10,1,2,8,153,2,1,39,137,18,8,0,1,1,15,78,40,0, 
11,3,5,6,78,3,1,95,53,13,75,0,0,1,9,25,15,0, 
5,1,3,2,15,0,2,2,21,6,10,2,0,0,6,9,8,0, 
0,4,0,0,1,0,1,43,7,2,33,0,0,1,2,2,3,0, 
2,2,1,1,10,0,3,0,29,5,11,3,2,0,3,6,17,0, 
6,3,1,5,120,0,7,95,128,16,73,4,0,0,7,64,32,0, 
7,5,1,6,10,0,3,69,100,5,54,0,0,3,3,31,25,1, 
26,4,8,18,21,3,1,396,209,7,57,0,0,1,7,79,62,0, 
13,1,1,13,66,0,2,0,254,12,8,0,9,2,3,116,68,0, 
34,3,1,33,1176,0,8,427,1189,49,96,0,2,3,16,262,166,1, 
5,2,4,1,21,3,1,95,24,7,68,1,0,0,5,8,7,0, 
2,6,2,0,0,0,2,74,7,1,56,0,0,0,1,2,1,1, 
4,7,1,3,36,0,2,406,76,9,115,0,0,2,8,31,22,0, 
8,1,1,7,45,0,15,0,166,10,8,0,0,1,5,69,43,1, 
3,1,2,2,21,0,4,0,79,7,8,0,1,4,6,17,25,0, 
3,7,3,1,10,1,1,70,23,5,255,1,0,0,4,9,6,0, 
33,4,11,23,190,2,0,52,312,20,141,0,0,0,14,150,94,0, 
36,2,7,31,703,0,27,12,909,38,36,3,10,10,24,331,148,1, 
0,1,0,0,0,0,1,204,0,0,8,0,0,0,0,0,0,1, 
10,1,5,5,78,0,0,0,235,13,8,0,3,0,10,70,68,0, 
18,3,11,7,120,3,2,97,61,16,84,0,0,2,9,35,17,0, 
4,3,1,3,78,0,4,95,75,13,73,3,0,0,4,39,19,0, 
26,3,4,22,1225,1,7,406,849,50,20,0,3,7,9,230,188,0, 
3,3,1,3,66,0,3,95,72,12,73,2,0,0,3,37,19,0, 
3,6,1,2,10,0,3,386,46,5,85,1,0,2,5,15,9,0, 
10,1,4,7,36,1,6,5,75,9,13,0,0,0,9,31,23,0, 
11,3,0,11,15,0,5,380,163,6,38,2,0,3,6,60,32,0, 
125,1,82,48,5356,0,14,0,1892,104,8,13,19,1,83,632,520,4, 
0,1,0,0,0,0,3,0,4,1,23,1,0,2,1,1,1,0, 
3,3,1,2,231,0,1,19,66,22,27,0,0,1,22,25,22,0, 
3,1,3,0,1,0,0,0,3,2,8,0,0,0,2,2,1,0, 
16,2,1,16,55,0,1,68,256,11,33,0,0,0,4,60,85,3, 
2,1,1,1,3,0,4,0,18,3,8,4,0,0,3,8,4,0, 
4,5,1,3,3,0,0,397,44,3,94,0,0,0,3,21,12,0, 
2,1,1,1,10,1,4,0,38,5,8,0,0,3,5,9,5,0, 
33,1,8,28,231,0,21,0,419,22,8,7,1,14,21,168,79,1, 
7,3,0,7,6,0,3,19,44,4,67,0,0,3,3,21,9,1, 
10,3,1,9,105,0,1,50,89,15,118,0,0,0,9,39,27,0, 
12,3,1,11,10,0,3,19,152,5,67,0,3,3,1,58,36,0, 
3,4,1,2,55,0,2,96,54,11,88,1,0,0,1,32,15,0, 
9,4,3,6,36,2,8,61,240,9,45,0,0,7,5,53,65,1, 
3,7,1,2,3,0,0,384,16,3,99,0,0,0,3,10,5,0, 
110,1,70,61,7381,0,97,0,2475,122,8,35,38,31,74,1026,489,9, 
15,1,7,8,36,0,4,0,70,9,8,1,0,0,7,40,15,0, 
6,2,1,5,45,0,5,0,72,10,18,0,0,5,8,39,22,0, 
15,2,0,15,21,0,2,8,195,7,19,1,0,1,6,77,51,1, 
14,3,8,7,435,0,16,95,257,30,82,9,0,0,14,117,65,0, 
12,6,6,6,28,2,0,384,41,8,91,0,0,0,8,18,10,0, 
3,1,1,2,6,0,2,0,42,4,8,0,1,2,3,11,10,0, 
4,6,0,4,10,0,1,385,85,5,79,0,0,1,5,16,16,0, 
5,1,2,3,36,0,5,0,115,9,16,0,1,4,8,24,31,0, 
5,3,1,5,10,0,1,12,40,5,45,1,0,0,2,17,10,0, 
20,3,2,19,55,0,2,408,231,11,58,2,1,0,10,79,46,2, 
2,3,1,1,10,0,2,387,18,5,35,2,0,0,5,9,5,0, 
2,1,2,0,10,0,0,0,0,5,8,0,0,0,5,5,0,0, 
17,1,2,16,351,0,13,0,606,27,8,13,16,0,9,306,157,1, 
7,3,1,7,6,0,16,37,166,4,72,0,0,7,3,34,38,2, 
15,1,5,10,36,0,3,0,74,9,8,3,1,0,8,37,19,0, 
8,4,4,4,105,0,5,97,110,15,79,3,0,0,5,58,28,0, 
5,3,1,5,120,0,8,95,101,16,73,5,0,0,6,54,29,0, 
1,1,1,0,1,0,0,0,3,2,8,0,0,0,2,2,1,0, 
51,4,22,34,990,0,2,63,549,45,161,0,3,0,31,243,124,0, 
2,1,1,1,21,0,4,0,74,7,8,0,1,4,6,11,22,0, 
25,2,20,6,66,1,6,3,199,12,10,2,0,2,9,45,52,1, 
4,2,1,3,28,0,7,0,38,8,26,7,0,0,8,15,10,0, 
4,1,2,2,15,1,1,0,32,6,8,0,0,1,1,10,15,0, 
11,5,1,10,36,2,2,413,150,9,84,0,0,2,9,49,48,0, 
2,2,1,1,0,0,0,2,4,1,33,0,0,0,1,2,1,0, 
4,2,3,1,6,0,0,7,27,4,17,0,1,0,3,7,11,0, 
69,4,28,51,3081,2,4,68,830,79,200,1,0,1,67,442,216,1, 
26,1,2,25,21,0,8,0,162,7,8,0,0,8,2,61,37,0, 
2,1,1,1,3,0,1,0,12,3,0,1,0,0,3,8,3,0, 
18,1,7,13,630,1,5,0,736,36,8,1,0,4,3,267,292,3, 
8,4,1,7,120,0,2,50,89,16,174,0,0,0,7,45,22,0, 
2,7,1,1,10,0,2,396,17,5,102,0,0,2,5,8,6,0, 
5,6,2,3,45,0,6,386,63,10,95,1,0,1,9,27,17,0, 
6,5,3,3,10,0,2,388,34,5,78,1,0,1,5,14,9,0, 
15,2,1,14,630,0,17,2,435,36,41,0,5,17,31,113,119,0, 
3,6,0,3,15,0,1,385,72,6,79,0,1,1,5,16,18,0, 
12,2,3,9,3828,2,25,402,1384,88,8,0,0,3,24,340,283,0, 
6,4,2,4,66,1,2,52,57,12,131,0,0,0,8,30,18,0, 
3,1,2,1,3,0,1,0,13,3,8,0,0,0,2,4,4,0, 
3,7,1,2,3,0,4,419,17,3,115,0,0,4,3,8,4,0, 
12,5,3,9,55,1,0,68,67,11,199,0,0,0,7,41,19,0, 
24,1,6,19,325,0,4,0,281,26,8,4,7,0,16,150,74,1, 
3,2,1,2,3,0,1,8,25,3,19,0,0,1,3,8,8,0, 
4,5,4,0,36,2,3,384,34,9,85,0,0,3,9,9,11,0, 
8,3,1,8,210,0,9,97,141,21,84,4,0,0,8,78,36,0, 
20,3,1,20,78,0,1,69,274,13,37,0,0,0,2,89,100,1, 
21,6,3,19,78,1,0,69,120,13,216,0,0,0,10,67,34,0, 
35,2,4,34,741,0,7,0,1106,39,43,1,1,6,2,369,331,1, 
6,3,1,5,55,0,6,5,107,11,40,0,0,6,11,21,34,0, 
3,8,1,2,3,0,0,388,21,3,110,0,0,0,3,11,4,0, 
3,3,1,2,3,0,1,58,15,3,37,0,0,0,0,9,5,0, 
2,4,1,1,6,0,4,384,23,4,41,1,0,1,4,10,5,0, 
8,3,4,4,91,0,6,95,107,14,76,3,0,1,5,53,27,0, 
15,2,2,15,28,0,9,18,190,8,62,0,2,9,3,73,46,0, 
2,1,1,1,3,1,6,0,19,3,8,0,0,0,1,4,3,0, 
4,1,4,0,28,0,2,0,24,8,8,0,0,2,8,8,8,1, 
66,2,56,19,1540,4,9,28,724,56,16,0,0,9,54,244,235,3, 
38,1,3,35,120,0,10,0,629,16,9,8,10,2,5,174,150,0, 
14,7,2,12,45,1,1,387,244,10,101,0,1,1,8,91,61,1, 
2,6,1,1,28,0,2,408,56,8,101,0,0,2,8,26,18,0, 
3,2,1,2,3,0,4,8,79,3,19,0,0,4,3,19,11,0, 
7,2,4,3,21,0,5,1,71,7,12,0,1,0,6,24,19,0, 
37,4,7,33,666,1,9,49,947,37,148,0,6,0,24,297,293,1, 
9,5,1,9,78,0,0,57,129,13,202,0,0,0,12,78,33,0, 
16,2,1,15,55,0,4,18,281,11,62,0,3,3,4,78,37,0, 
44,2,21,28,406,0,13,262,687,29,80,5,5,8,10,280,226,4, 
2,2,2,0,0,0,0,2,3,1,33,0,0,0,1,1,1,0, 
2,1,2,0,0,0,1,0,3,1,23,1,0,0,1,1,1,0, 
24,2,19,6,703,1,12,8,1440,38,46,0,0,9,37,84,342,0, 
3,3,1,2,3,0,2,1,11,3,31,2,0,0,2,5,3,0, 
3,5,1,2,3,0,2,387,17,3,75,0,0,2,3,10,4,0, 
11,1,1,10,36,0,2,12,198,9,11,0,3,2,5,65,66,0, 
2,1,2,0,0,0,1,0,3,1,23,1,0,0,1,1,1,0, 
11,2,3,8,28,0,7,219,796,8,55,0,0,6,8,104,260,0, 
1,5,1,0,3,5,1,384,11,3,76,0,0,1,3,3,3,0, 
18,3,5,13,45,0,0,274,308,10,103,0,0,0,10,118,94,2, 
2,3,1,1,1,0,0,387,12,2,32,0,0,0,2,7,4,0, 
0,1,0,0,1,2,3,0,3,2,8,0,0,2,2,2,1,0, 
9,6,2,7,15,1,3,386,48,6,95,0,1,3,3,27,14,0, 
35,3,25,10,153,9,11,52,306,18,27,2,0,6,6,94,88,1, 
7,2,0,7,190,0,2,6,87,20,30,2,0,0,19,47,29,0, 
8,2,4,4,780,0,49,20,347,40,25,22,0,0,39,105,100,1, 
